Variable Name;Variable File;Variable Line;Fault Injection Time(s);Injection Time Interval;Fault Model;Detected
_IO_file_jumps_mmap;fileops.c;1480;0.8494291305541992;0-2;LSB bit-flip;1
__GI__IO_file_jumps;fileops.c;1455;0.47572898864746094;0-2;LSB bit-flip;1
_IO_file_jumps_mmap;fileops.c;1480;1.2126941680908203;0-2;LSB bit-flip;1
_IO_file_jumps_mmap;fileops.c;1480;1.1779568195343018;0-2;LSB bit-flip;1
tls_init_tp_called;rtld.c;677;0.4173872470855713;0-2;LSB bit-flip;1
preloadlist;rtld.c;825;0.5830481052398682;0-2;LSB bit-flip;1
__GI__IO_file_jumps;fileops.c;1455;1.3114714622497559;0-2;LSB bit-flip;1
__PRETTY_FUNCTION__;fileops.c;0;1.2925872802734375;0-2;LSB bit-flip;1
_dl_argc;rtld.c;82;0.66796875;0-2;LSB bit-flip;1
__pointer_chk_guard_local;rtld.c;96;1.1810576915740967;0-2;LSB bit-flip;1
load_time;rtld.c;307;0.8468446731567383;0-2;LSB bit-flip;1
any_debug;rtld.c;2322;0.5831584930419922;0-2;LSB bit-flip;1
_IO_file_jumps_maybe_mmap;fileops.c;1504;1.4926729202270508;0-2;LSB bit-flip;1
_IO_file_jumps_maybe_mmap;fileops.c;1504;0.6450152397155762;0-2;LSB bit-flip;1
__GI___libc_enable_secure;../elf/dl-sysdep.c;58;0.9530482292175293;0-2;LSB bit-flip;1
__GI__IO_file_jumps;fileops.c;1455;0.8921592235565186;0-2;LSB bit-flip;1
__PRETTY_FUNCTION__;fileops.c;0;1.3218626976013184;0-2;LSB bit-flip;1
_rtld_global_ro;rtld.c;259;0.3090484142303467;0-2;LSB bit-flip;1
_IO_file_jumps_maybe_mmap;fileops.c;1504;1.117419719696045;0-2;LSB bit-flip;1
__GI__IO_file_jumps;fileops.c;1455;1.0386035442352295;0-2;LSB bit-flip;1
start_time;rtld.c;308;0.4155118465423584;0-2;LSB bit-flip;1
_IO_file_jumps_mmap;fileops.c;1480;1.208785057067871;0-2;LSB bit-flip;1
audit_list_string;rtld.c;134;0.5058178901672363;0-2;LSB bit-flip;1
_dl_rtld_libname2;rtld.c;302;1.0305922031402588;0-2;LSB bit-flip;1
_IO_file_jumps_mmap;fileops.c;1480;0.5659463405609131;0-2;LSB bit-flip;1
__PRETTY_FUNCTION__;fileops.c;0;0.9001097679138184;0-2;LSB bit-flip;1
_IO_file_jumps_mmap;fileops.c;1480;1.4972546100616455;0-2;LSB bit-flip;1
preloadlist;rtld.c;825;0.3936147689819336;0-2;LSB bit-flip;1
_IO_file_jumps_mmap;fileops.c;1480;0.8601119518280029;0-2;LSB bit-flip;1
_IO_file_jumps_maybe_mmap;fileops.c;1504;1.2180986404418945;0-2;LSB bit-flip;1
main_arena;malloc.c;1761;1.133575439453125;0-2;LSB bit-flip;1
start_time;rtld.c;308;0.2597978115081787;0-2;LSB bit-flip;1
__GI__IO_file_jumps;fileops.c;1455;0.822288990020752;0-2;LSB bit-flip;1
_IO_file_jumps_maybe_mmap;fileops.c;1504;1.0887765884399414;0-2;LSB bit-flip;1
_IO_file_jumps_mmap;fileops.c;1480;0.7535004615783691;0-2;LSB bit-flip;1
__pointer_chk_guard_local;rtld.c;96;0.580472469329834;0-2;LSB bit-flip;1
_IO_file_jumps_mmap;fileops.c;1480;0.8711240291595459;0-2;LSB bit-flip;1
__GI__dl_argv;rtld.c;83;1.1564533710479736;0-2;LSB bit-flip;1
audit_list_string;rtld.c;134;0.8684413433074951;0-2;LSB bit-flip;1
_IO_file_jumps_mmap;fileops.c;1480;1.2465589046478271;0-2;LSB bit-flip;1
file_size;rtld.c;874;0.3205592632293701;0-2;LSB bit-flip;1
library_path;rtld.c;823;0.3635251522064209;0-2;LSB bit-flip;1
__PRETTY_FUNCTION__;rtld.c;0;1.1144130229949951;0-2;LSB bit-flip;1
_IO_file_jumps_mmap;fileops.c;1480;0.9300370216369629;0-2;LSB bit-flip;1
_IO_file_jumps_mmap;fileops.c;1480;1.2338354587554932;0-2;LSB bit-flip;1
_IO_file_jumps_mmap;fileops.c;1480;1.0642468929290771;0-2;LSB bit-flip;1
relocate_time;rtld.c;306;0.870020866394043;0-2;LSB bit-flip;1
start_time;rtld.c;308;0.7364928722381592;0-2;LSB bit-flip;1
preloadlist;rtld.c;825;1.100353479385376;0-2;LSB bit-flip;1
audit_list;rtld.c;142;0.6782035827636719;0-2;LSB bit-flip;1
_dl_argc;rtld.c;82;1.1820182800292969;0-2;LSB bit-flip;1
_IO_file_jumps_maybe_mmap;fileops.c;1504;1.0502245426177979;0-2;LSB bit-flip;1
_dl_argc;rtld.c;82;0.2714402675628662;0-2;LSB bit-flip;1
_IO_file_jumps_maybe_mmap;fileops.c;1504;1.0953285694122314;0-2;LSB bit-flip;1
audit_list_string;rtld.c;134;0.8780968189239502;0-2;LSB bit-flip;1
_dl_rtld_libname;rtld.c;301;0.8438811302185059;0-2;LSB bit-flip;1
_IO_file_jumps_maybe_mmap;fileops.c;1504;1.1771914958953857;0-2;LSB bit-flip;1
_IO_file_jumps_mmap;fileops.c;1480;1.3498308658599854;0-2;LSB bit-flip;1
start_time;rtld.c;308;1.024179458618164;0-2;LSB bit-flip;1
_IO_file_jumps_maybe_mmap;fileops.c;1504;0.9892544746398926;0-2;LSB bit-flip;1
start_time;rtld.c;308;1.0166749954223633;0-2;LSB bit-flip;1
_IO_file_jumps_mmap;fileops.c;1480;1.285869836807251;0-2;LSB bit-flip;1
_IO_file_jumps_maybe_mmap;fileops.c;1504;1.0811071395874023;0-2;LSB bit-flip;1
_rtld_global_ro;rtld.c;259;0.6698405742645264;0-2;LSB bit-flip;1
_IO_file_jumps_maybe_mmap;fileops.c;1504;1.2392597198486328;0-2;LSB bit-flip;1
any_debug;rtld.c;2322;0.5121614933013916;0-2;LSB bit-flip;1
_IO_file_jumps_mmap;fileops.c;1480;1.3786382675170898;0-2;LSB bit-flip;1
_dl_rtld_libname;rtld.c;301;0.41617465019226074;0-2;LSB bit-flip;1
_IO_file_jumps_maybe_mmap;fileops.c;1504;1.3311312198638916;0-2;LSB bit-flip;1
_IO_file_jumps_mmap;fileops.c;1480;1.1016273498535156;0-2;LSB bit-flip;1
rtld_total_time;rtld.c;417;0.4209177494049072;0-2;LSB bit-flip;1
__libc_multiple_libcs;../elf/dl-sysdep.c;60;0.9729111194610596;0-2;LSB bit-flip;1
relocate_time;rtld.c;306;0.19957709312438965;0-2;LSB bit-flip;1
preload_file;rtld.c;1630;0.9940876960754395;0-2;LSB bit-flip;1
_dl_rtld_libname2;rtld.c;302;1.1529817581176758;0-2;LSB bit-flip;1
__GI___libc_enable_secure;../elf/dl-sysdep.c;58;0.43323230743408203;0-2;LSB bit-flip;1
_IO_file_jumps_maybe_mmap;fileops.c;1504;0.5881035327911377;0-2;LSB bit-flip;1
_IO_file_jumps_mmap;fileops.c;1480;1.10709547996521;0-2;LSB bit-flip;1
_IO_file_jumps_mmap;fileops.c;1480;0.8710947036743164;0-2;LSB bit-flip;1
_IO_file_jumps_mmap;fileops.c;1480;0.9953839778900146;0-2;LSB bit-flip;1
_IO_file_jumps_mmap;fileops.c;1480;1.3311772346496582;0-2;LSB bit-flip;1
__GI__IO_file_jumps;fileops.c;1455;1.537489891052246;0-2;LSB bit-flip;1
_IO_file_jumps_maybe_mmap;fileops.c;1504;0.6276352405548096;0-2;LSB bit-flip;1
_rtld_global_ro;rtld.c;259;0.6312391757965088;0-2;LSB bit-flip;1
_IO_file_jumps_mmap;fileops.c;1480;1.1123509407043457;0-2;LSB bit-flip;1
__GI__IO_file_jumps;fileops.c;1455;1.314582347869873;0-2;LSB bit-flip;1
_IO_file_jumps_mmap;fileops.c;1480;1.3669424057006836;0-2;LSB bit-flip;1
_IO_file_jumps_mmap;fileops.c;1480;1.7008225917816162;0-2;LSB bit-flip;1
_IO_file_jumps_mmap;fileops.c;1480;1.066559076309204;0-2;LSB bit-flip;1
tls_init_tp_called;rtld.c;677;0.39092373847961426;0-2;LSB bit-flip;1
__libc_multiple_libcs;../elf/dl-sysdep.c;60;0.8559567928314209;0-2;LSB bit-flip;1
__GI__IO_file_jumps;fileops.c;1455;0.731372594833374;0-2;LSB bit-flip;1
_IO_file_jumps_mmap;fileops.c;1480;0.8727884292602539;0-2;LSB bit-flip;1
__PRETTY_FUNCTION__;fileops.c;0;0.9227204322814941;0-2;LSB bit-flip;1
_IO_file_jumps_maybe_mmap;fileops.c;1504;0.9657542705535889;0-2;LSB bit-flip;1
_dl_rtld_libname;rtld.c;301;0.7896945476531982;0-2;LSB bit-flip;1
__GI__IO_file_jumps;fileops.c;1455;0.7637948989868164;0-2;LSB bit-flip;1
_IO_file_jumps_mmap;fileops.c;1480;1.034940481185913;0-2;LSB bit-flip;1
_IO_file_jumps_maybe_mmap;fileops.c;1504;0.6826026439666748;0-2;LSB bit-flip;1
_IO_file_jumps_maybe_mmap;fileops.c;1504;1.0801265239715576;0-2;LSB bit-flip;1
__GI__IO_file_jumps;fileops.c;1455;1.2463457584381104;0-2;LSB bit-flip;1
_rtld_global;rtld.c;231;0.6675615310668945;0-2;LSB bit-flip;1
version_info;rtld.c;827;0.9874105453491211;0-2;LSB bit-flip;1
__GI__IO_file_jumps;fileops.c;1455;0.7922277450561523;0-2;LSB bit-flip;1
audit_list;rtld.c;142;0.5636866092681885;0-2;LSB bit-flip;1
audit_list_string;rtld.c;134;0.8993513584136963;0-2;LSB bit-flip;1
_dl_argc;rtld.c;82;0.5097005367279053;0-2;LSB bit-flip;1
mp_;malloc.c;1783;0.8883473873138428;0-2;LSB bit-flip;1
_dl_rtld_libname2;rtld.c;302;0.421860933303833;0-2;LSB bit-flip;1
_IO_file_jumps_mmap;fileops.c;1480;0.6569147109985352;0-2;LSB bit-flip;1
relocate_time;rtld.c;306;0.3172450065612793;0-2;LSB bit-flip;1
_IO_file_jumps_maybe_mmap;fileops.c;1504;1.586280345916748;0-2;LSB bit-flip;1
tls_init_tp_called;rtld.c;677;1.0466554164886475;0-2;LSB bit-flip;1
_IO_file_jumps_mmap;fileops.c;1480;1.2212486267089844;0-2;LSB bit-flip;1
arg;fprintf.c;28;0.824709415435791;0-2;LSB bit-flip;1
__pointer_chk_guard_local;rtld.c;96;0.6003174781799316;0-2;LSB bit-flip;1
preloadlist;rtld.c;825;0.814741849899292;0-2;LSB bit-flip;1
__GI__IO_file_jumps;fileops.c;1455;1.1700353622436523;0-2;LSB bit-flip;1
_IO_file_jumps_mmap;fileops.c;1480;0.539039134979248;0-2;LSB bit-flip;1
relocate_time;rtld.c;306;0.6291539669036865;0-2;LSB bit-flip;1
rtld_total_time;rtld.c;417;0.410632848739624;0-2;LSB bit-flip;1
_IO_file_jumps_mmap;fileops.c;1480;0.8049924373626709;0-2;LSB bit-flip;1
_dl_argc;rtld.c;82;1.1730568408966064;0-2;LSB bit-flip;1
_IO_file_jumps_mmap;fileops.c;1480;0.3284473419189453;0-2;LSB bit-flip;1
_IO_file_jumps_maybe_mmap;fileops.c;1504;1.1949172019958496;0-2;LSB bit-flip;1
_IO_file_jumps_maybe_mmap;fileops.c;1504;1.213550329208374;0-2;LSB bit-flip;1
__malloc_initialize_hook;malloc.c;1859;0.5950508117675781;0-2;LSB bit-flip;1
_IO_file_jumps_maybe_mmap;fileops.c;1504;0.9697532653808594;0-2;LSB bit-flip;1
__GI__IO_file_jumps;fileops.c;1455;1.2712688446044922;0-2;LSB bit-flip;1
_IO_file_jumps_mmap;fileops.c;1480;0.9717566967010498;0-2;LSB bit-flip;1
preloadlist;rtld.c;825;0.26737427711486816;0-2;LSB bit-flip;1
_IO_file_jumps_maybe_mmap;fileops.c;1504;0.7762494087219238;0-2;LSB bit-flip;1
_IO_file_jumps_maybe_mmap;fileops.c;1504;1.4045066833496094;0-2;LSB bit-flip;1
__PRETTY_FUNCTION__;rtld.c;0;0.3124580383300781;0-2;LSB bit-flip;1
tls_init_tp_called;rtld.c;677;0.4402165412902832;0-2;LSB bit-flip;1
st;filedoalloc.c;81;1.4156341552734375;0-2;LSB bit-flip;1
_IO_file_jumps_maybe_mmap;fileops.c;1504;0.7868220806121826;0-2;LSB bit-flip;1
__GI__IO_file_jumps;fileops.c;1455;1.2798361778259277;0-2;LSB bit-flip;1
library_path;rtld.c;823;0.46170568466186523;0-2;LSB bit-flip;1
__pointer_chk_guard_local;rtld.c;96;0.7513878345489502;0-2;LSB bit-flip;1
_IO_file_jumps_maybe_mmap;fileops.c;1504;0.859196662902832;0-2;LSB bit-flip;1
__GI__dl_argv;rtld.c;83;0.8666603565216064;0-2;LSB bit-flip;1
__PRETTY_FUNCTION__;fileops.c;0;1.306889533996582;0-2;LSB bit-flip;1
_IO_file_jumps_maybe_mmap;fileops.c;1504;0.8290724754333496;0-2;LSB bit-flip;1
_IO_file_jumps_mmap;fileops.c;1480;0.6546921730041504;0-2;LSB bit-flip;1
__PRETTY_FUNCTION__;fileops.c;0;0.7771058082580566;0-2;LSB bit-flip;1
__pointer_chk_guard_local;rtld.c;96;1.170442819595337;0-2;LSB bit-flip;1
_IO_file_jumps_mmap;fileops.c;1480;0.8752565383911133;0-2;LSB bit-flip;1
version_info;rtld.c;827;0.2862582206726074;0-2;LSB bit-flip;1
__GI__IO_file_jumps;fileops.c;1455;1.780346155166626;0-2;LSB bit-flip;1
__GI__IO_file_jumps;fileops.c;1455;1.5348997116088867;0-2;LSB bit-flip;1
__memalign_hook;malloc.c;1871;0.9949109554290771;0-2;LSB bit-flip;1
_IO_file_jumps_maybe_mmap;fileops.c;1504;1.5382440090179443;0-2;LSB bit-flip;1
library_path;rtld.c;823;0.27111363410949707;0-2;LSB bit-flip;1
__GI___libc_enable_secure;../elf/dl-sysdep.c;58;0.8675065040588379;0-2;LSB bit-flip;1
load_time;rtld.c;307;0.6618261337280273;0-2;LSB bit-flip;1
__GI__IO_file_jumps;fileops.c;1455;1.325953722000122;0-2;LSB bit-flip;1
rtld_total_time;rtld.c;417;0.8756036758422852;0-2;LSB bit-flip;1
preloadlist;rtld.c;825;0.8167455196380615;0-2;LSB bit-flip;1
_dl_rtld_libname;rtld.c;301;0.3216688632965088;0-2;LSB bit-flip;1
_IO_file_jumps_maybe_mmap;fileops.c;1504;0.7008650302886963;0-2;LSB bit-flip;1
audit_list_string;rtld.c;134;0.8486843109130859;0-2;LSB bit-flip;1
__GI__IO_file_jumps;fileops.c;1455;0.6678192615509033;0-2;LSB bit-flip;1
__PRETTY_FUNCTION__;fileops.c;0;0.9193108081817627;0-2;LSB bit-flip;1
_IO_file_jumps_mmap;fileops.c;1480;0.9008333683013916;0-2;LSB bit-flip;1
audit_list;rtld.c;142;0.854356050491333;0-2;LSB bit-flip;1
_IO_file_jumps_maybe_mmap;fileops.c;1504;0.5368640422821045;0-2;LSB bit-flip;1
__GI__IO_file_jumps;fileops.c;1455;1.2484745979309082;0-2;LSB bit-flip;1
__pointer_chk_guard_local;rtld.c;96;0.8666496276855469;0-2;LSB bit-flip;1
_IO_file_jumps_mmap;fileops.c;1480;0.8285276889801025;0-2;LSB bit-flip;1
preload_file;rtld.c;1630;0.6996927261352539;0-2;LSB bit-flip;1
_IO_file_jumps_maybe_mmap;fileops.c;1504;1.3268780708312988;0-2;LSB bit-flip;1
audit_list_string;rtld.c;134;0.24506115913391113;0-2;LSB bit-flip;1
__GI__IO_file_jumps;fileops.c;1455;1.0748989582061768;0-2;LSB bit-flip;1
__GI__dl_argv;rtld.c;83;1.0322647094726562;0-2;LSB bit-flip;1
__evoke_link_warning_llseek;../sysdeps/unix/sysv/linux/lseek64.c;53;0.7035841941833496;0-2;LSB bit-flip;1
_IO_file_jumps_mmap;fileops.c;1480;0.848196268081665;0-2;LSB bit-flip;1
audit_list_string;rtld.c;134;0.8912146091461182;0-2;LSB bit-flip;1
_IO_file_jumps_mmap;fileops.c;1480;0.6800005435943604;0-2;LSB bit-flip;1
__GI__IO_file_jumps;fileops.c;1455;1.3807649612426758;0-2;LSB bit-flip;1
audit_list;rtld.c;142;1.179539442062378;0-2;LSB bit-flip;1
__GI___libc_enable_secure;../elf/dl-sysdep.c;58;0.49863123893737793;0-2;LSB bit-flip;1
__PRETTY_FUNCTION__;fileops.c;0;1.2852058410644531;0-2;LSB bit-flip;1
__GI__IO_file_jumps;fileops.c;1455;0.6045210361480713;0-2;LSB bit-flip;1
audit_list;rtld.c;142;0.7329404354095459;0-2;LSB bit-flip;1
_IO_file_jumps_maybe_mmap;fileops.c;1504;1.336700201034546;0-2;LSB bit-flip;1
__GI__IO_file_jumps;fileops.c;1455;1.052457332611084;0-2;LSB bit-flip;1
__GI__IO_file_jumps;fileops.c;1455;1.311077356338501;0-2;LSB bit-flip;1
__PRETTY_FUNCTION__;fileops.c;0;1.670748233795166;0-2;LSB bit-flip;1
_rtld_global_ro;rtld.c;259;1.1256203651428223;0-2;LSB bit-flip;1
__PRETTY_FUNCTION__;fileops.c;0;1.0372629165649414;0-2;LSB bit-flip;1
__GI__dl_argv;rtld.c;83;0.34372448921203613;0-2;LSB bit-flip;1
_dl_argc;rtld.c;82;0.8452351093292236;0-2;LSB bit-flip;1
library_path;rtld.c;823;0.25015830993652344;0-2;LSB bit-flip;1
_IO_file_jumps_maybe_mmap;fileops.c;1504;0.5561020374298096;0-2;LSB bit-flip;1
__PRETTY_FUNCTION__;fileops.c;0;1.5399823188781738;0-2;LSB bit-flip;1
tls_init_tp_called;rtld.c;677;0.30692148208618164;0-2;LSB bit-flip;1
_IO_file_jumps_maybe_mmap;fileops.c;1504;1.685936689376831;0-2;LSB bit-flip;1
_IO_file_jumps_mmap;fileops.c;1480;1.3965880870819092;0-2;LSB bit-flip;1
start_time;rtld.c;308;0.8446440696716309;0-2;LSB bit-flip;1
_IO_file_jumps_maybe_mmap;fileops.c;1504;0.7923848628997803;0-2;LSB bit-flip;1
st;filedoalloc.c;81;1.1159732341766357;0-2;LSB bit-flip;1
_IO_file_jumps_mmap;fileops.c;1480;1.4101433753967285;0-2;LSB bit-flip;1
_IO_file_jumps_maybe_mmap;fileops.c;1504;0.8278379440307617;0-2;LSB bit-flip;1
__GI__IO_file_jumps;fileops.c;1455;1.0330889225006104;0-2;LSB bit-flip;1
__GI__IO_file_jumps;fileops.c;1455;1.0887045860290527;0-2;LSB bit-flip;1
__GI__IO_file_jumps;fileops.c;1455;0.36061859130859375;0-2;LSB bit-flip;1
_IO_file_jumps_maybe_mmap;fileops.c;1504;1.4152047634124756;0-2;LSB bit-flip;1
library_path;rtld.c;823;0.7378089427947998;0-2;LSB bit-flip;1
load_time;rtld.c;307;0.3960764408111572;0-2;LSB bit-flip;1
_dl_argc;rtld.c;82;1.0505473613739014;0-2;LSB bit-flip;1
preloadlist;rtld.c;825;1.1789700984954834;0-2;LSB bit-flip;1
_IO_file_jumps_mmap;fileops.c;1480;0.9642784595489502;0-2;LSB bit-flip;1
_rtld_global;rtld.c;231;0.7546896934509277;0-2;LSB bit-flip;1
audit_list_string;rtld.c;134;1.1260793209075928;0-2;LSB bit-flip;1
__PRETTY_FUNCTION__;fileops.c;0;0.950531005859375;0-2;LSB bit-flip;1
_IO_file_jumps_mmap;fileops.c;1480;0.9091331958770752;0-2;LSB bit-flip;1
__GI___libc_enable_secure;../elf/dl-sysdep.c;58;0.5919883251190186;0-2;LSB bit-flip;1
_IO_file_jumps_mmap;fileops.c;1480;0.6958749294281006;0-2;LSB bit-flip;1
__libc_multiple_libcs;../elf/dl-sysdep.c;60;0.39550352096557617;0-2;LSB bit-flip;1
__GI__IO_file_jumps;fileops.c;1455;0.9377543926239014;0-2;LSB bit-flip;1
_IO_file_jumps_mmap;fileops.c;1480;0.5663011074066162;0-2;LSB bit-flip;1
__libc_malloc_initialized;arena.c;100;0.5841708183288574;0-2;LSB bit-flip;1
_IO_file_jumps_maybe_mmap;fileops.c;1504;0.33661603927612305;0-2;LSB bit-flip;1
version_info;rtld.c;827;0.4315361976623535;0-2;LSB bit-flip;1
__GI__IO_file_jumps;fileops.c;1455;1.6936018466949463;0-2;LSB bit-flip;1
audit_list_string;rtld.c;134;0.5885331630706787;0-2;LSB bit-flip;1
_IO_file_jumps_mmap;fileops.c;1480;0.7603745460510254;0-2;LSB bit-flip;1
_IO_file_jumps_maybe_mmap;fileops.c;1504;0.7596559524536133;0-2;LSB bit-flip;1
tcache_shutting_down;malloc.c;2920;0.9389934539794922;0-2;LSB bit-flip;1
_IO_file_jumps_maybe_mmap;fileops.c;1504;0.4351005554199219;0-2;LSB bit-flip;1
__GI__dl_argv;rtld.c;83;0.22163105010986328;0-2;LSB bit-flip;1
__GI__IO_file_jumps;fileops.c;1455;0.8654804229736328;0-2;LSB bit-flip;1
_dl_rtld_libname2;rtld.c;302;1.0582976341247559;0-2;LSB bit-flip;1
__GI__dl_argv;rtld.c;83;0.2942211627960205;0-2;LSB bit-flip;1
_IO_file_jumps_maybe_mmap;fileops.c;1504;1.5560369491577148;0-2;LSB bit-flip;1
version_info;rtld.c;827;0.9120864868164062;0-2;LSB bit-flip;1
__PRETTY_FUNCTION__;fileops.c;0;0.9430291652679443;0-2;LSB bit-flip;1
__GI__IO_file_jumps;fileops.c;1455;1.32588791847229;0-2;LSB bit-flip;1
relocate_time;rtld.c;306;0.972623348236084;0-2;LSB bit-flip;1
__GI__dl_argv;rtld.c;83;0.3255949020385742;0-2;LSB bit-flip;1
_IO_file_jumps_maybe_mmap;fileops.c;1504;1.552919626235962;0-2;LSB bit-flip;1
preloadlist;rtld.c;825;0.7590012550354004;0-2;LSB bit-flip;1
__PRETTY_FUNCTION__;fileops.c;0;0.8681282997131348;0-2;LSB bit-flip;1
library_path;rtld.c;823;0.8485569953918457;0-2;LSB bit-flip;1
_IO_file_jumps_mmap;fileops.c;1480;1.3250086307525635;0-2;LSB bit-flip;1
load_time;rtld.c;307;0.2766404151916504;0-2;LSB bit-flip;1
_IO_file_jumps_mmap;fileops.c;1480;1.2892570495605469;0-2;LSB bit-flip;1
__GI___libc_enable_secure;../elf/dl-sysdep.c;58;0.7035496234893799;0-2;LSB bit-flip;1
start_time;rtld.c;308;0.7745504379272461;0-2;LSB bit-flip;1
__GI__IO_file_jumps;fileops.c;1455;0.8045260906219482;0-2;LSB bit-flip;1
any_debug;rtld.c;2322;0.9859519004821777;0-2;LSB bit-flip;1
version_info;rtld.c;827;1.1773910522460938;0-2;LSB bit-flip;1
_IO_file_jumps_mmap;fileops.c;1480;1.08772611618042;0-2;LSB bit-flip;1
__GI__IO_file_jumps;fileops.c;1455;1.1670482158660889;0-2;LSB bit-flip;1
__PRETTY_FUNCTION__;fileops.c;0;1.6207404136657715;0-2;LSB bit-flip;1
version_info;rtld.c;827;0.3494300842285156;0-2;LSB bit-flip;1
_IO_file_jumps_mmap;fileops.c;1480;1.230327844619751;0-2;LSB bit-flip;1
_IO_file_jumps_mmap;fileops.c;1480;1.5053799152374268;0-2;LSB bit-flip;1
_IO_file_jumps_maybe_mmap;fileops.c;1504;1.0298218727111816;0-2;LSB bit-flip;1
_IO_file_jumps_mmap;fileops.c;1480;0.6931986808776855;0-2;LSB bit-flip;1
_IO_file_jumps_mmap;fileops.c;1480;1.3973307609558105;0-2;LSB bit-flip;1
_IO_file_jumps_maybe_mmap;fileops.c;1504;0.7879395484924316;0-2;LSB bit-flip;1
__GI__IO_file_jumps;fileops.c;1455;1.0324478149414062;0-2;LSB bit-flip;1
_IO_file_jumps_mmap;fileops.c;1480;1.2379333972930908;0-2;LSB bit-flip;1
__GI__IO_file_jumps;fileops.c;1455;0.6725776195526123;0-2;LSB bit-flip;1
perturb_byte;malloc.c;1882;0.3263967037200928;0-2;LSB bit-flip;1
__PRETTY_FUNCTION__;fileops.c;0;1.0731806755065918;0-2;LSB bit-flip;1
_IO_file_jumps_maybe_mmap;fileops.c;1504;1.2822468280792236;0-2;LSB bit-flip;1
__evoke_link_warning_llseek;../sysdeps/unix/sysv/linux/lseek64.c;53;1.473201036453247;0-2;LSB bit-flip;1
start_time;rtld.c;308;0.2251443862915039;0-2;LSB bit-flip;1
tcache_shutting_down;malloc.c;2920;1.1714887619018555;0-2;LSB bit-flip;1
_IO_file_jumps_mmap;fileops.c;1480;0.8889591693878174;0-2;LSB bit-flip;1
_IO_file_jumps_mmap;fileops.c;1480;1.061913013458252;0-2;LSB bit-flip;1
_IO_file_jumps_mmap;fileops.c;1480;1.167140007019043;0-2;LSB bit-flip;1
_dl_argc;rtld.c;82;0.6365389823913574;0-2;LSB bit-flip;1
_dl_argc;rtld.c;82;0.5819301605224609;0-2;LSB bit-flip;1
_IO_file_jumps_maybe_mmap;fileops.c;1504;0.5976037979125977;0-2;LSB bit-flip;1
_IO_file_jumps_maybe_mmap;fileops.c;1504;0.9814443588256836;0-2;LSB bit-flip;1
_IO_file_jumps_maybe_mmap;fileops.c;1504;1.0637609958648682;0-2;LSB bit-flip;1
_IO_file_jumps_mmap;fileops.c;1480;0.9514169692993164;0-2;LSB bit-flip;1
freeres_list;genops.c;841;0.738037109375;0-2;LSB bit-flip;1
__PRETTY_FUNCTION__;fileops.c;0;1.1981782913208008;0-2;LSB bit-flip;1
tls_init_tp_called;rtld.c;677;1.1305599212646484;0-2;LSB bit-flip;1
_IO_file_jumps_maybe_mmap;fileops.c;1504;1.439087152481079;0-2;LSB bit-flip;1
__GI__IO_file_jumps;fileops.c;1455;1.1426036357879639;0-2;LSB bit-flip;1
_IO_file_jumps_maybe_mmap;fileops.c;1504;1.2059316635131836;0-2;LSB bit-flip;1
_IO_file_jumps_mmap;fileops.c;1480;1.2211530208587646;0-2;LSB bit-flip;1
version_info;rtld.c;827;0.5596530437469482;0-2;LSB bit-flip;1
_IO_file_jumps_mmap;fileops.c;1480;0.9233272075653076;0-2;LSB bit-flip;1
_IO_file_jumps_mmap;fileops.c;1480;1.5540151596069336;0-2;LSB bit-flip;1
version_info;rtld.c;827;1.030562400817871;0-2;LSB bit-flip;1
_IO_file_jumps_maybe_mmap;fileops.c;1504;1.4741544723510742;0-2;LSB bit-flip;1
_IO_file_jumps_mmap;fileops.c;1480;1.2407641410827637;0-2;LSB bit-flip;1
_IO_file_jumps_maybe_mmap;fileops.c;1504;0.6745531558990479;0-2;LSB bit-flip;1
_IO_file_jumps_mmap;fileops.c;1480;0.82297682762146;0-2;LSB bit-flip;1
_IO_file_jumps_mmap;fileops.c;1480;1.1886179447174072;0-2;LSB bit-flip;1
load_time;rtld.c;307;0.616856575012207;0-2;LSB bit-flip;1
relocate_time;rtld.c;306;0.8276758193969727;0-2;LSB bit-flip;1
__GI__IO_file_jumps;fileops.c;1455;0.8831546306610107;0-2;LSB bit-flip;1
dealloc_buffers;genops.c;840;1.3574326038360596;0-2;LSB bit-flip;1
start_time;rtld.c;308;1.1364800930023193;0-2;LSB bit-flip;1
_IO_file_jumps_maybe_mmap;fileops.c;1504;1.2025558948516846;0-2;LSB bit-flip;1
_rtld_global_ro;rtld.c;259;1.2115204334259033;0-2;LSB bit-flip;1
_rtld_global_ro;rtld.c;259;0.8542144298553467;0-2;LSB bit-flip;1
_IO_file_jumps_mmap;fileops.c;1480;0.6890432834625244;0-2;LSB bit-flip;1
_IO_file_jumps_mmap;fileops.c;1480;1.2035188674926758;0-2;LSB bit-flip;1
_IO_file_jumps_mmap;fileops.c;1480;1.0109400749206543;0-2;LSB bit-flip;1
tls_init_tp_called;rtld.c;677;0.701413631439209;0-2;LSB bit-flip;1
arg;fprintf.c;28;1.3996708393096924;0-2;LSB bit-flip;1
_IO_file_jumps_maybe_mmap;fileops.c;1504;0.9050064086914062;0-2;LSB bit-flip;1
audit_list;rtld.c;142;0.7553911209106445;0-2;LSB bit-flip;1
version_info;rtld.c;827;0.38957881927490234;0-2;LSB bit-flip;1
__PRETTY_FUNCTION__;fileops.c;0;0.8021724224090576;0-2;LSB bit-flip;1
tls_init_tp_called;rtld.c;677;0.3199479579925537;0-2;LSB bit-flip;1
any_debug;rtld.c;2322;0.3810436725616455;0-2;LSB bit-flip;1
file_size;rtld.c;874;0.38095617294311523;0-2;LSB bit-flip;1
_IO_file_jumps_mmap;fileops.c;1480;0.9552233219146729;0-2;LSB bit-flip;1
__pointer_chk_guard_local;rtld.c;96;0.3964073657989502;0-2;LSB bit-flip;1
_dl_rtld_libname2;rtld.c;302;0.22634387016296387;0-2;LSB bit-flip;1
__GI__IO_file_jumps;fileops.c;1455;0.5337808132171631;0-2;LSB bit-flip;1
_IO_file_jumps_mmap;fileops.c;1480;1.0012621879577637;0-2;LSB bit-flip;1
__PRETTY_FUNCTION__;fileops.c;0;1.1260998249053955;0-2;LSB bit-flip;1
_IO_file_jumps_maybe_mmap;fileops.c;1504;1.034351110458374;0-2;LSB bit-flip;1
_rtld_global;rtld.c;231;0.9909863471984863;0-2;LSB bit-flip;1
_IO_file_jumps_maybe_mmap;fileops.c;1504;1.409970760345459;0-2;LSB bit-flip;1
_IO_file_jumps_mmap;fileops.c;1480;0.7683231830596924;0-2;LSB bit-flip;1
_IO_file_jumps_maybe_mmap;fileops.c;1504;0.42473483085632324;0-2;LSB bit-flip;1
start_time;rtld.c;308;1.1110897064208984;0-2;LSB bit-flip;1
_IO_file_jumps_mmap;fileops.c;1480;0.9058620929718018;0-2;LSB bit-flip;1
__GI__IO_file_jumps;fileops.c;1455;0.6341209411621094;0-2;LSB bit-flip;1
__pointer_chk_guard_local;rtld.c;96;0.6308228969573975;0-2;LSB bit-flip;1
__GI__IO_file_jumps;fileops.c;1455;0.9179224967956543;0-2;LSB bit-flip;1
_IO_file_jumps_maybe_mmap;fileops.c;1504;1.530297040939331;0-2;LSB bit-flip;1
_dl_rtld_libname;rtld.c;301;0.4771416187286377;0-2;LSB bit-flip;1
_IO_file_jumps_mmap;fileops.c;1480;1.2811932563781738;0-2;LSB bit-flip;1
__GI__IO_file_jumps;fileops.c;1455;1.3117058277130127;0-2;LSB bit-flip;1
_IO_file_jumps_mmap;fileops.c;1480;1.444662094116211;0-2;LSB bit-flip;1
_IO_file_jumps_maybe_mmap;fileops.c;1504;0.9450387954711914;0-2;LSB bit-flip;1
_IO_file_jumps_mmap;fileops.c;1480;1.471761703491211;0-2;LSB bit-flip;1
tls_init_tp_called;rtld.c;677;0.33112096786499023;0-2;LSB bit-flip;1
__pointer_chk_guard_local;rtld.c;96;0.4355661869049072;0-2;LSB bit-flip;1
_rtld_global;rtld.c;231;0.5860705375671387;0-2;LSB bit-flip;1
_IO_file_jumps_mmap;fileops.c;1480;1.1696856021881104;0-2;LSB bit-flip;1
__GI__IO_file_jumps;fileops.c;1455;0.6773672103881836;0-2;LSB bit-flip;1
_dl_rtld_libname2;rtld.c;302;0.6816005706787109;0-2;LSB bit-flip;1
__PRETTY_FUNCTION__;fileops.c;0;0.9420764446258545;0-2;LSB bit-flip;1
_IO_file_jumps_maybe_mmap;fileops.c;1504;0.9385836124420166;0-2;LSB bit-flip;1
__GI__IO_file_jumps;fileops.c;1455;0.9586551189422607;0-2;LSB bit-flip;1
preloadlist;rtld.c;825;0.9137439727783203;0-2;LSB bit-flip;1
__libc_multiple_libcs;../elf/dl-sysdep.c;60;0.8713195323944092;0-2;LSB bit-flip;1
st;filedoalloc.c;81;1.6692533493041992;0-2;LSB bit-flip;1
preload_file;rtld.c;1630;0.22052431106567383;0-2;LSB bit-flip;1
library_path;rtld.c;823;0.22135281562805176;0-2;LSB bit-flip;1
__GI__IO_file_jumps;fileops.c;1455;0.9534268379211426;0-2;LSB bit-flip;1
audit_list;rtld.c;142;1.008946418762207;0-2;LSB bit-flip;1
__GI__IO_file_jumps;fileops.c;1455;0.5568711757659912;0-2;LSB bit-flip;1
__PRETTY_FUNCTION__;fileops.c;0;1.1920058727264404;0-2;LSB bit-flip;1
_dl_argc;rtld.c;82;0.4128420352935791;0-2;LSB bit-flip;1
__GI__IO_file_jumps;fileops.c;1455;1.5107192993164062;0-2;LSB bit-flip;1
__GI__IO_file_jumps;fileops.c;1455;0.6917135715484619;0-2;LSB bit-flip;1
freeres_list;genops.c;841;0.8106534481048584;0-2;LSB bit-flip;1
_IO_file_jumps_maybe_mmap;fileops.c;1504;1.144334316253662;0-2;LSB bit-flip;1
relocate_time;rtld.c;306;0.6447868347167969;0-2;LSB bit-flip;1
_IO_file_jumps_mmap;fileops.c;1480;0.8754258155822754;0-2;LSB bit-flip;1
library_path;rtld.c;823;0.6298985481262207;0-2;LSB bit-flip;1
_IO_file_jumps_mmap;fileops.c;1480;1.3809382915496826;0-2;LSB bit-flip;1
st;filedoalloc.c;81;1.4522795677185059;0-2;LSB bit-flip;1
_IO_file_jumps_maybe_mmap;fileops.c;1504;0.9119467735290527;0-2;LSB bit-flip;1
__PRETTY_FUNCTION__;fileops.c;0;1.6112122535705566;0-2;LSB bit-flip;1
file_size;rtld.c;874;0.959491491317749;0-2;LSB bit-flip;1
preloadlist;rtld.c;825;0.34606122970581055;0-2;LSB bit-flip;1
__libc_multiple_libcs;../elf/dl-sysdep.c;60;0.3937513828277588;0-2;LSB bit-flip;1
__GI__IO_file_jumps;fileops.c;1455;0.41863417625427246;0-2;LSB bit-flip;1
start_time;rtld.c;308;0.8018355369567871;0-2;LSB bit-flip;1
version_info;rtld.c;827;0.695934534072876;0-2;LSB bit-flip;1
__GI__IO_file_jumps;fileops.c;1455;1.4972515106201172;0-2;LSB bit-flip;1
__GI__IO_file_jumps;fileops.c;1455;1.0705456733703613;0-2;LSB bit-flip;1
_rtld_global_ro;rtld.c;259;0.5398614406585693;0-2;LSB bit-flip;1
tls_init_tp_called;rtld.c;677;0.9979190826416016;0-2;LSB bit-flip;1
_IO_file_jumps_mmap;fileops.c;1480;0.731353759765625;0-2;LSB bit-flip;1
_IO_file_jumps_maybe_mmap;fileops.c;1504;0.3881258964538574;0-2;LSB bit-flip;1
__GI__IO_file_jumps;fileops.c;1455;0.8042786121368408;0-2;LSB bit-flip;1
relocate_time;rtld.c;306;0.5651397705078125;0-2;LSB bit-flip;1
start_time;rtld.c;308;0.2128446102142334;0-2;LSB bit-flip;1
free_list_lock;arena.c;81;1.0370030403137207;0-2;LSB bit-flip;1
_IO_file_jumps_maybe_mmap;fileops.c;1504;0.936535120010376;0-2;LSB bit-flip;1
audit_list_string;rtld.c;134;0.9213380813598633;0-2;LSB bit-flip;1
__PRETTY_FUNCTION__;fileops.c;0;1.4922187328338623;0-2;LSB bit-flip;1
_IO_file_jumps_maybe_mmap;fileops.c;1504;0.7669479846954346;0-2;LSB bit-flip;1
st;dl-misc.c;46;0.6486515998840332;0-2;LSB bit-flip;1
_IO_file_jumps_mmap;fileops.c;1480;1.3955602645874023;0-2;LSB bit-flip;1
_IO_file_jumps_mmap;fileops.c;1480;1.1316115856170654;0-2;LSB bit-flip;1
audit_list;rtld.c;142;0.30959558486938477;0-2;LSB bit-flip;1
_IO_file_jumps_mmap;fileops.c;1480;1.0830395221710205;0-2;LSB bit-flip;1
__GI__IO_file_jumps;fileops.c;1455;0.9427270889282227;0-2;LSB bit-flip;1
__GI__IO_file_jumps;fileops.c;1455;0.5759494304656982;0-2;LSB bit-flip;1
_IO_file_jumps_maybe_mmap;fileops.c;1504;0.5237843990325928;0-2;LSB bit-flip;1
audit_list_string;rtld.c;134;0.2808842658996582;0-2;LSB bit-flip;1
__GI__IO_file_jumps;fileops.c;1455;1.5542216300964355;0-2;LSB bit-flip;1
__GI__IO_file_jumps;fileops.c;1455;1.420517921447754;0-2;LSB bit-flip;1
library_path;rtld.c;823;0.5318100452423096;0-2;LSB bit-flip;1
_IO_file_jumps_mmap;fileops.c;1480;1.124898910522461;0-2;LSB bit-flip;1
_IO_file_jumps_mmap;fileops.c;1480;0.4684925079345703;0-2;LSB bit-flip;1
__libc_multiple_libcs;../elf/dl-sysdep.c;60;1.0337235927581787;0-2;LSB bit-flip;1
load_time;rtld.c;307;1.1603944301605225;0-2;LSB bit-flip;1
_rtld_global_ro;rtld.c;259;0.3176724910736084;0-2;LSB bit-flip;1
tls_init_tp_called;rtld.c;677;0.5633833408355713;0-2;LSB bit-flip;1
preloadlist;rtld.c;825;0.6571409702301025;0-2;LSB bit-flip;1
_IO_file_jumps_mmap;fileops.c;1480;1.1036124229431152;0-2;LSB bit-flip;1
__libc_multiple_libcs;../elf/dl-sysdep.c;60;0.9853248596191406;0-2;LSB bit-flip;1
_IO_file_jumps_mmap;fileops.c;1480;0.9259085655212402;0-2;LSB bit-flip;1
_IO_file_jumps_mmap;fileops.c;1480;0.8327765464782715;0-2;LSB bit-flip;1
_rtld_global_ro;rtld.c;259;0.23646235466003418;0-2;LSB bit-flip;1
_IO_file_jumps_maybe_mmap;fileops.c;1504;0.4847121238708496;0-2;LSB bit-flip;1
_IO_file_jumps_mmap;fileops.c;1480;0.7354729175567627;0-2;LSB bit-flip;1
library_path;rtld.c;823;1.1714885234832764;0-2;LSB bit-flip;1
__PRETTY_FUNCTION__;rtld.c;0;1.1028451919555664;0-2;LSB bit-flip;1
_IO_file_jumps_mmap;fileops.c;1480;1.3623008728027344;0-2;LSB bit-flip;1
version_info;rtld.c;827;0.979672908782959;0-2;LSB bit-flip;1
_IO_file_jumps_maybe_mmap;fileops.c;1504;1.058856725692749;0-2;LSB bit-flip;1
__libc_multiple_libcs;../elf/dl-sysdep.c;60;0.9800033569335938;0-2;LSB bit-flip;1
_IO_file_jumps_mmap;fileops.c;1480;0.8516526222229004;0-2;LSB bit-flip;1
_IO_file_jumps_mmap;fileops.c;1480;0.8129124641418457;0-2;LSB bit-flip;1
ranges;dl-reloc.c;258;0.4268479347229004;0-2;LSB bit-flip;1
load_time;rtld.c;307;0.7754712104797363;0-2;LSB bit-flip;1
__GI__IO_file_jumps;fileops.c;1455;0.9910604953765869;0-2;LSB bit-flip;1
preload_file;rtld.c;1630;0.6579937934875488;0-2;LSB bit-flip;1
version_info;rtld.c;827;0.8692810535430908;0-2;LSB bit-flip;1
__PRETTY_FUNCTION__;fileops.c;0;0.6151401996612549;0-2;LSB bit-flip;1
preloadlist;rtld.c;825;0.2680778503417969;0-2;LSB bit-flip;1
_IO_file_jumps_maybe_mmap;fileops.c;1504;1.6164741516113281;0-2;LSB bit-flip;1
_dl_argc;rtld.c;82;0.8534479141235352;0-2;LSB bit-flip;1
free_list;arena.c;83;0.3694026470184326;0-2;LSB bit-flip;1
_dl_rtld_libname2;rtld.c;302;0.3170051574707031;0-2;LSB bit-flip;1
__GI__IO_file_jumps;fileops.c;1455;1.1578829288482666;0-2;LSB bit-flip;1
load_time;rtld.c;307;0.67529296875;0-2;LSB bit-flip;1
_IO_file_jumps_maybe_mmap;fileops.c;1504;1.198444128036499;0-2;LSB bit-flip;1
start_time;rtld.c;308;1.0572187900543213;0-2;LSB bit-flip;1
__PRETTY_FUNCTION__;../elf/dl-runtime.c;0;0.5349314212799072;0-2;LSB bit-flip;1
_IO_file_jumps_mmap;fileops.c;1480;1.1614384651184082;0-2;LSB bit-flip;1
load_time;rtld.c;307;0.4117591381072998;0-2;LSB bit-flip;1
__evoke_link_warning_llseek;../sysdeps/unix/sysv/linux/lseek64.c;53;1.429250955581665;0-2;LSB bit-flip;1
aligned_heap_area;arena.c;446;0.23659157752990723;0-2;LSB bit-flip;1
_IO_file_jumps_mmap;fileops.c;1480;0.33348751068115234;0-2;LSB bit-flip;1
__GI__IO_file_jumps;fileops.c;1455;0.7290265560150146;0-2;LSB bit-flip;1
_IO_file_jumps_maybe_mmap;fileops.c;1504;0.896573543548584;0-2;LSB bit-flip;1
__GI__IO_file_jumps;fileops.c;1455;1.1173343658447266;0-2;LSB bit-flip;1
__PRETTY_FUNCTION__;fileops.c;0;1.0733509063720703;0-2;LSB bit-flip;1
_IO_file_jumps_maybe_mmap;fileops.c;1504;1.181809425354004;0-2;LSB bit-flip;1
version_info;rtld.c;827;0.5365633964538574;0-2;LSB bit-flip;1
any_debug;rtld.c;2322;0.9052228927612305;0-2;LSB bit-flip;1
__GI__dl_argv;rtld.c;83;0.6794755458831787;0-2;LSB bit-flip;1
_IO_file_jumps_mmap;fileops.c;1480;0.775305986404419;0-2;LSB bit-flip;1
relocate_time;rtld.c;306;0.7797110080718994;0-2;LSB bit-flip;1
_IO_file_jumps_maybe_mmap;fileops.c;1504;0.4907114505767822;0-2;LSB bit-flip;1
__GI__IO_file_jumps;fileops.c;1455;0.7168154716491699;0-2;LSB bit-flip;1
tls_init_tp_called;rtld.c;677;0.26583290100097656;0-2;LSB bit-flip;1
_IO_file_jumps_mmap;fileops.c;1480;0.7874577045440674;0-2;LSB bit-flip;1
_IO_file_jumps_mmap;fileops.c;1480;1.210909366607666;0-2;LSB bit-flip;1
_dl_rtld_libname;rtld.c;301;0.24927377700805664;0-2;LSB bit-flip;1
_IO_file_jumps_maybe_mmap;fileops.c;1504;0.6986844539642334;0-2;LSB bit-flip;1
_IO_file_jumps_maybe_mmap;fileops.c;1504;1.5052862167358398;0-2;LSB bit-flip;1
_IO_file_jumps_mmap;fileops.c;1480;0.5887901782989502;0-2;LSB bit-flip;1
_IO_file_jumps_mmap;fileops.c;1480;1.0636670589447021;0-2;LSB bit-flip;1
_IO_file_jumps_maybe_mmap;fileops.c;1504;0.5890257358551025;0-2;LSB bit-flip;1
__evoke_link_warning_llseek;../sysdeps/unix/sysv/linux/lseek64.c;53;1.5741910934448242;0-2;LSB bit-flip;1
_dl_argc;rtld.c;82;0.7150051593780518;0-2;LSB bit-flip;1
_IO_file_jumps_mmap;fileops.c;1480;0.9935717582702637;0-2;LSB bit-flip;1
__pointer_chk_guard_local;rtld.c;96;0.41665172576904297;0-2;LSB bit-flip;1
_IO_file_jumps_maybe_mmap;fileops.c;1504;1.1757137775421143;0-2;LSB bit-flip;1
__GI__IO_file_jumps;fileops.c;1455;0.6462705135345459;0-2;LSB bit-flip;1
_IO_file_jumps_maybe_mmap;fileops.c;1504;0.8329737186431885;0-2;LSB bit-flip;1
_dl_argc;rtld.c;82;0.9005007743835449;0-2;LSB bit-flip;1
_IO_file_jumps_mmap;fileops.c;1480;0.9545493125915527;0-2;LSB bit-flip;1
_IO_file_jumps_maybe_mmap;fileops.c;1504;1.5384154319763184;0-2;LSB bit-flip;1
_IO_file_jumps_mmap;fileops.c;1480;0.8236629962921143;0-2;LSB bit-flip;1
__GI__IO_file_jumps;fileops.c;1455;1.617795467376709;0-2;LSB bit-flip;1
_IO_file_jumps_maybe_mmap;fileops.c;1504;0.7707955837249756;0-2;LSB bit-flip;1
_IO_file_jumps_maybe_mmap;fileops.c;1504;0.7049739360809326;0-2;LSB bit-flip;1
__GI__IO_file_jumps;fileops.c;1455;0.45691728591918945;0-2;LSB bit-flip;1
_IO_file_jumps_mmap;fileops.c;1480;1.254408597946167;0-2;LSB bit-flip;1
_IO_file_jumps_maybe_mmap;fileops.c;1504;0.7955570220947266;0-2;LSB bit-flip;1
audit_list;rtld.c;142;0.417738676071167;0-2;LSB bit-flip;1
start_time;rtld.c;308;1.1309213638305664;0-2;LSB bit-flip;1
_IO_file_jumps_maybe_mmap;fileops.c;1504;1.1104300022125244;0-2;LSB bit-flip;1
__GI__IO_file_jumps;fileops.c;1455;1.1974985599517822;0-2;LSB bit-flip;1
__PRETTY_FUNCTION__;rtld.c;0;1.1086735725402832;0-2;LSB bit-flip;1
_rtld_global;rtld.c;231;0.8676755428314209;0-2;LSB bit-flip;1
_IO_file_jumps_maybe_mmap;fileops.c;1504;0.38025712966918945;0-2;LSB bit-flip;1
__GI__IO_file_jumps;fileops.c;1455;0.8177840709686279;0-2;LSB bit-flip;1
__GI__IO_file_jumps;fileops.c;1455;0.6648132801055908;0-2;LSB bit-flip;1
__GI__dl_argv;rtld.c;83;0.7675824165344238;0-2;LSB bit-flip;1
load_time;rtld.c;307;0.5893557071685791;0-2;LSB bit-flip;1
__GI__IO_file_jumps;fileops.c;1455;0.7918386459350586;0-2;LSB bit-flip;1
__PRETTY_FUNCTION__;fileops.c;0;1.177412509918213;0-2;LSB bit-flip;1
_IO_file_jumps_mmap;fileops.c;1480;0.679189920425415;0-2;LSB bit-flip;1
audit_list_string;rtld.c;134;0.24687528610229492;0-2;LSB bit-flip;1
relocate_time;rtld.c;306;0.7976894378662109;0-2;LSB bit-flip;1
__GI__IO_file_jumps;fileops.c;1455;1.0299134254455566;0-2;LSB bit-flip;1
__PRETTY_FUNCTION__;fileops.c;0;1.2178640365600586;0-2;LSB bit-flip;1
__evoke_link_warning_llseek;../sysdeps/unix/sysv/linux/lseek64.c;53;1.2405285835266113;0-2;LSB bit-flip;1
preloadlist;rtld.c;825;0.3501906394958496;0-2;LSB bit-flip;1
__malloc_initialize_hook;malloc.c;1859;0.4186897277832031;0-2;LSB bit-flip;1
audit_list;rtld.c;142;0.38370776176452637;0-2;LSB bit-flip;1
_IO_file_jumps_maybe_mmap;fileops.c;1504;0.6619622707366943;0-2;LSB bit-flip;1
__GI__IO_file_jumps;fileops.c;1455;0.791435718536377;0-2;LSB bit-flip;1
_IO_file_jumps_maybe_mmap;fileops.c;1504;1.1078567504882812;0-2;LSB bit-flip;1
_IO_file_jumps_mmap;fileops.c;1480;1.1637957096099854;0-2;LSB bit-flip;1
_IO_file_jumps_mmap;fileops.c;1480;0.9183123111724854;0-2;LSB bit-flip;1
_dl_argc;rtld.c;82;0.7508773803710938;0-2;LSB bit-flip;1
__GI___libc_enable_secure;../elf/dl-sysdep.c;58;0.9358930587768555;0-2;LSB bit-flip;1
_IO_file_jumps_maybe_mmap;fileops.c;1504;1.2912323474884033;0-2;LSB bit-flip;1
preloadlist;rtld.c;825;0.724592924118042;0-2;LSB bit-flip;1
__GI__IO_file_jumps;fileops.c;1455;0.5669031143188477;0-2;LSB bit-flip;1
_rtld_global;rtld.c;231;0.7707059383392334;0-2;LSB bit-flip;1
_IO_file_jumps_maybe_mmap;fileops.c;1504;0.8592672348022461;0-2;LSB bit-flip;1
_IO_file_jumps_mmap;fileops.c;1480;0.7381494045257568;0-2;LSB bit-flip;1
_IO_file_jumps_mmap;fileops.c;1480;0.7381212711334229;0-2;LSB bit-flip;1
__GI__IO_file_jumps;fileops.c;1455;1.0569102764129639;0-2;LSB bit-flip;1
__GI__IO_file_jumps;fileops.c;1455;1.2832350730895996;0-2;LSB bit-flip;1
_dl_argc;rtld.c;82;0.6468229293823242;0-2;LSB bit-flip;1
preloadlist;rtld.c;825;0.9189095497131348;0-2;LSB bit-flip;1
jump_table;vfprintf.c;213;1.4105286598205566;0-2;LSB bit-flip;1
_IO_file_jumps_maybe_mmap;fileops.c;1504;0.5376245975494385;0-2;LSB bit-flip;1
__pointer_chk_guard_local;rtld.c;96;0.721531867980957;0-2;LSB bit-flip;1
_IO_file_jumps_maybe_mmap;fileops.c;1504;1.2812540531158447;0-2;LSB bit-flip;1
__GI___libc_enable_secure;../elf/dl-sysdep.c;58;0.504321813583374;0-2;LSB bit-flip;1
audit_list;rtld.c;142;0.5839309692382812;0-2;LSB bit-flip;1
__GI__IO_file_jumps;fileops.c;1455;0.744654655456543;0-2;LSB bit-flip;1
_IO_file_jumps_mmap;fileops.c;1480;0.7303307056427002;0-2;LSB bit-flip;1
_IO_file_jumps_mmap;fileops.c;1480;1.0324101448059082;0-2;LSB bit-flip;1
_IO_file_jumps_mmap;fileops.c;1480;0.8851883411407471;0-2;LSB bit-flip;1
_IO_file_jumps_mmap;fileops.c;1480;0.5804378986358643;0-2;LSB bit-flip;1
_dl_rtld_libname;rtld.c;301;0.9101042747497559;0-2;LSB bit-flip;1
start_time;rtld.c;308;1.0579397678375244;0-2;LSB bit-flip;1
_rtld_global_ro;rtld.c;259;0.6189432144165039;0-2;LSB bit-flip;1
__libc_multiple_libcs;../elf/dl-sysdep.c;60;1.0214519500732422;0-2;LSB bit-flip;1
_IO_file_jumps_mmap;fileops.c;1480;1.3742256164550781;0-2;LSB bit-flip;1
library_path;rtld.c;823;0.36365771293640137;0-2;LSB bit-flip;1
_IO_file_jumps_maybe_mmap;fileops.c;1504;0.39833593368530273;0-2;LSB bit-flip;1
__GI__IO_file_jumps;fileops.c;1455;1.3067216873168945;0-2;LSB bit-flip;1
preloadlist;rtld.c;825;0.2527468204498291;0-2;LSB bit-flip;1
_IO_file_jumps_mmap;fileops.c;1480;1.2093994617462158;0-2;LSB bit-flip;1
__GI__IO_file_jumps;fileops.c;1455;0.67203688621521;0-2;LSB bit-flip;1
__GI__IO_file_jumps;fileops.c;1455;1.3534202575683594;0-2;LSB bit-flip;1
file_size;rtld.c;874;0.7255525588989258;0-2;LSB bit-flip;1
_IO_file_jumps_mmap;fileops.c;1480;0.6095514297485352;0-2;LSB bit-flip;1
_dl_argc;rtld.c;82;0.27437448501586914;0-2;LSB bit-flip;1
_IO_file_jumps_mmap;fileops.c;1480;2.2428760528564453;0-2;LSB bit-flip;1
_IO_file_jumps_maybe_mmap;fileops.c;1504;0.3938424587249756;0-2;LSB bit-flip;1
arg;fprintf.c;28;1.472881555557251;0-2;LSB bit-flip;1
__GI__IO_file_jumps;fileops.c;1455;0.44277524948120117;0-2;LSB bit-flip;1
load_time;rtld.c;307;0.8044853210449219;0-2;LSB bit-flip;1
_IO_file_jumps_maybe_mmap;fileops.c;1504;1.173879623413086;0-2;LSB bit-flip;1
start_time;rtld.c;308;0.8685214519500732;0-2;LSB bit-flip;1
_IO_file_jumps_mmap;fileops.c;1480;0.5652782917022705;0-2;LSB bit-flip;1
__GI__IO_file_jumps;fileops.c;1455;0.7422585487365723;0-2;LSB bit-flip;1
load_time;rtld.c;307;0.47387051582336426;0-2;LSB bit-flip;1
__evoke_link_warning_llseek;../sysdeps/unix/sysv/linux/lseek64.c;53;0.9285449981689453;0-2;LSB bit-flip;1
_IO_file_jumps_mmap;fileops.c;1480;1.1464271545410156;0-2;LSB bit-flip;1
_IO_file_jumps_maybe_mmap;fileops.c;1504;0.8643093109130859;0-2;LSB bit-flip;1
_IO_file_jumps_mmap;fileops.c;1480;0.6683030128479004;0-2;LSB bit-flip;1
_dl_rtld_libname;rtld.c;301;0.23608160018920898;0-2;LSB bit-flip;1
_IO_file_jumps_mmap;fileops.c;1480;1.0136451721191406;0-2;LSB bit-flip;1
_IO_file_jumps_maybe_mmap;fileops.c;1504;0.4866056442260742;0-2;LSB bit-flip;1
_IO_file_jumps_mmap;fileops.c;1480;1.048624038696289;0-2;LSB bit-flip;1
tls_init_tp_called;rtld.c;677;0.3892660140991211;0-2;LSB bit-flip;1
version_info;rtld.c;827;1.1787748336791992;0-2;LSB bit-flip;1
tls_init_tp_called;rtld.c;677;0.682868242263794;0-2;LSB bit-flip;1
free_list_lock;arena.c;81;0.6813993453979492;0-2;LSB bit-flip;1
_IO_file_jumps_mmap;fileops.c;1480;0.8657777309417725;0-2;LSB bit-flip;1
rtld_total_time;rtld.c;417;0.3726775646209717;0-2;LSB bit-flip;1
__GI__IO_file_jumps;fileops.c;1455;0.3593330383300781;0-2;LSB bit-flip;1
_dl_rtld_libname2;rtld.c;302;0.3444204330444336;0-2;LSB bit-flip;1
_IO_file_jumps_mmap;fileops.c;1480;0.3674616813659668;0-2;LSB bit-flip;1
library_path;rtld.c;823;0.895937442779541;0-2;LSB bit-flip;1
__PRETTY_FUNCTION__;fileops.c;0;0.8080871105194092;0-2;LSB bit-flip;1
_IO_file_jumps_maybe_mmap;fileops.c;1504;0.9796371459960938;0-2;LSB bit-flip;1
any_debug;rtld.c;2322;0.510993242263794;0-2;LSB bit-flip;1
_dl_argc;rtld.c;82;0.2652912139892578;0-2;LSB bit-flip;1
_IO_file_jumps_mmap;fileops.c;1480;0.525902509689331;0-2;LSB bit-flip;1
_IO_file_jumps_maybe_mmap;fileops.c;1504;1.198817253112793;0-2;LSB bit-flip;1
_rtld_global;rtld.c;231;0.3232274055480957;0-2;LSB bit-flip;1
relocate_time;rtld.c;306;0.19760966300964355;0-2;LSB bit-flip;1
_rtld_global;rtld.c;231;0.509103536605835;0-2;LSB bit-flip;1
_IO_file_jumps_mmap;fileops.c;1480;0.8007080554962158;0-2;LSB bit-flip;1
__GI__IO_file_jumps;fileops.c;1455;0.3879060745239258;0-2;LSB bit-flip;1
_IO_file_jumps_mmap;fileops.c;1480;0.6439764499664307;0-2;LSB bit-flip;1
_rtld_global_ro;rtld.c;259;0.3710792064666748;0-2;LSB bit-flip;1
_IO_file_jumps_maybe_mmap;fileops.c;1504;1.1490964889526367;0-2;LSB bit-flip;1
__libc_multiple_libcs;../elf/dl-sysdep.c;60;0.556365966796875;0-2;LSB bit-flip;1
_IO_file_jumps_maybe_mmap;fileops.c;1504;0.835688591003418;0-2;LSB bit-flip;1
audit_list_string;rtld.c;134;0.8834233283996582;0-2;LSB bit-flip;1
start_time;rtld.c;308;1.0314557552337646;0-2;LSB bit-flip;1
audit_list;rtld.c;142;0.6272478103637695;0-2;LSB bit-flip;1
file_size;rtld.c;874;0.5959954261779785;0-2;LSB bit-flip;1
_dl_rtld_libname;rtld.c;301;0.6271102428436279;0-2;LSB bit-flip;1
any_debug;rtld.c;2322;0.6782350540161133;0-2;LSB bit-flip;1
any_debug;rtld.c;2322;1.1969373226165771;0-2;LSB bit-flip;1
_IO_file_jumps_mmap;fileops.c;1480;0.5677170753479004;0-2;LSB bit-flip;1
_rtld_global_ro;rtld.c;259;0.21094083786010742;0-2;LSB bit-flip;1
_IO_file_jumps_maybe_mmap;fileops.c;1504;0.4261627197265625;0-2;LSB bit-flip;1
_dl_argc;rtld.c;82;0.27205872535705566;0-2;LSB bit-flip;1
__GI__IO_file_jumps;fileops.c;1455;0.45575451850891113;0-2;LSB bit-flip;1
list_all_lock;genops.c;36;1.4631879329681396;0-2;LSB bit-flip;1
__GI__dl_argv;rtld.c;83;0.659430980682373;0-2;LSB bit-flip;1
_IO_file_jumps_maybe_mmap;fileops.c;1504;0.7854833602905273;0-2;LSB bit-flip;1
__GI__IO_file_jumps;fileops.c;1455;0.8961181640625;0-2;LSB bit-flip;1
_IO_file_jumps_mmap;fileops.c;1480;0.5669417381286621;0-2;LSB bit-flip;1
__GI__IO_file_jumps;fileops.c;1455;0.8786716461181641;0-2;LSB bit-flip;1
_IO_file_jumps_maybe_mmap;fileops.c;1504;0.5374624729156494;0-2;LSB bit-flip;1
__PRETTY_FUNCTION__;fileops.c;0;0.6969466209411621;0-2;LSB bit-flip;1
__PRETTY_FUNCTION__;fileops.c;0;0.9879035949707031;0-2;LSB bit-flip;1
_dl_argc;rtld.c;82;0.4869823455810547;0-2;LSB bit-flip;1
_IO_file_jumps_mmap;fileops.c;1480;0.8705251216888428;0-2;LSB bit-flip;1
__GI__IO_file_jumps;fileops.c;1455;0.525773286819458;0-2;LSB bit-flip;1
_IO_file_jumps_mmap;fileops.c;1480;1.153489351272583;0-2;LSB bit-flip;1
__GI___libc_enable_secure;../elf/dl-sysdep.c;58;1.1438391208648682;0-2;LSB bit-flip;1
version_info;rtld.c;827;0.8768703937530518;0-2;LSB bit-flip;1
relocate_time;rtld.c;306;0.8204877376556396;0-2;LSB bit-flip;1
__pointer_chk_guard_local;rtld.c;96;1.0036540031433105;0-2;LSB bit-flip;1
_IO_file_jumps_maybe_mmap;fileops.c;1504;0.9016463756561279;0-2;LSB bit-flip;1
_IO_file_jumps_mmap;fileops.c;1480;0.846820592880249;0-2;LSB bit-flip;1
_IO_file_jumps_mmap;fileops.c;1480;0.7439184188842773;0-2;LSB bit-flip;1
